{
  "index.html": 1608678338000,
  "i18n/i18n_en.properties": 1608327510000,
  "i18n/i18n.properties": 1608327510000,
  "model/models.js": 1607605048000,
  "utils/odataAPI.js": 1608315389000,
  "manifest.json": 1608726002216,
  "controller/home.controller.js": 1608681418000,
  "index.js": 1608327510000,
  "Component.js": 1607605048000,
  "manifest-bundle.zip": 1608726001983,
  "Component-preload.js": 1608726002178,
  "controller/home-dbg.controller.js": 1608681418000,
  "model/models-dbg.js": 1607605048000,
  "utils/odataAPI-dbg.js": 1608315389000,
  "index-dbg.js": 1608327510000,
  "Component-dbg.js": 1607605048000,
  "resources.json": 1608726002219,
  "view/home.view_copy.xml": 1608678338000,
  "view/home.view.xml": 1608725983730,
  "css/style.css": 1608051187000,
  "i18n/i18n_en_US.properties": 1608327510000
}