{
  "controller/home.controller.js": 1608060232480,
  "model/models.js": 1607605048000,
  "manifest.json": 1608066960548,
  "i18n/i18n.properties": 1607605048000,
  "Component.js": 1607605048000,
  "manifest-bundle.zip": 1608066960373,
  "Component-preload.js": 1608066960529,
  "Component-dbg.js": 1607605048000,
  "controller/home-dbg.controller.js": 1608060232480,
  "model/models-dbg.js": 1607605048000,
  "resources.json": 1608066960550,
  "view/home.view.xml": 1608056377475,
  "css/style.css": 1608051187073,
  "index.html": 1608051187085
}